{
  "intercept": -0.42132435046548256,
  "coefficients": {
    "MIN_ROLLING_10": -0.3193091466922438,
    "CONTACT_RATE": -0.7127477619392617,
    "AGE": 0.32367788703234407,
    "INJURY_COUNT": 0.43941060934711634
  },
  "scaler_mean": [
    32.612616822429914,
    6.574766355140187,
    29.32398753894081,
    0.24922118380062305
  ],
  "scaler_scale": [
    4.4159241373840805,
    4.486898757430211,
    5.552441941512168,
    0.5413215204117641
  ],
  "features": [
    "MIN_ROLLING_10",
    "CONTACT_RATE",
    "AGE",
    "INJURY_COUNT"
  ]
}