{
  "intercept": -0.9956807594040239,
  "coefficients": {
    "MIN_ROLLING_10": 1.6449473655994806,
    "CONTACT_RATE": 0.5885280006918968,
    "AGE": 0.6278928945296647,
    "INJURY_COUNT": -0.25386608602878896
  },
  "scaler_mean": [
    32.56422018348624,
    6.51223241590214,
    29.371559633027523,
    0.06269113149847094
  ],
  "scaler_scale": [
    4.517032453951526,
    4.452158556411292,
    5.5895149506964,
    0.24240658722467168
  ],
  "features": [
    "MIN_ROLLING_10",
    "CONTACT_RATE",
    "AGE",
    "INJURY_COUNT"
  ]
}