{
  "intercept": -0.9739976232823424,
  "coefficients": {
    "MIN_ROLLING_10": 1.669225686174804,
    "CONTACT_RATE": 0.5777891964094428,
    "AGE": 0.5784625193419368,
    "INJURY_COUNT": -0.24690712648931498
  },
  "scaler_mean": [
    32.56422018348624,
    6.51223241590214,
    30.025993883792047,
    0.06269113149847094
  ],
  "scaler_scale": [
    4.517032453951526,
    4.452158556411292,
    5.787067478963659,
    0.24240658722467168
  ],
  "features": [
    "MIN_ROLLING_10",
    "CONTACT_RATE",
    "AGE",
    "INJURY_COUNT"
  ]
}